<manifest xmlns:android="http://schemas.android.com/apk/res/android">
    
    <!-- ============================================ -->
    <!-- Bluetooth Permissions for B24 Torque Monitor -->
    <!-- ============================================ -->
    
    <!-- Bluetooth Permissions for Android 12+ (API 31+) -->
    <uses-permission android:name="android.permission.BLUETOOTH_SCAN"
                     android:usesPermissionFlags="neverForLocation" />
    <uses-permission android:name="android.permission.BLUETOOTH_CONNECT" />
    <uses-permission android:name="android.permission.BLUETOOTH_ADVERTISE" />
    
    <!-- Bluetooth Permissions for older Android versions -->
    <uses-permission android:name="android.permission.BLUETOOTH" />
    <uses-permission android:name="android.permission.BLUETOOTH_ADMIN" />
    
    <!-- Location Permission (required for Bluetooth scanning on Android) -->
    <uses-permission android:name="android.permission.ACCESS_FINE_LOCATION" />
    <uses-permission android:name="android.permission.ACCESS_COARSE_LOCATION" />
    
    <!-- Internet (optional, if you need to export data) -->
    <uses-permission android:name="android.permission.INTERNET"/>

    <application
        android:label="B24 Torque Monitor"
        android:name="${applicationName}"
        android:icon="@mipmap/ic_launcher">
        
        <activity
            android:name=".MainActivity"
            android:exported="true"
            android:launchMode="singleTop"
            android:theme="@style/LaunchTheme"
            android:configChanges="orientation|keyboardHidden|keyboard|screenSize|smallestScreenSize|locale|layoutDirection|fontScale|screenLayout|density|uiMode"
            android:hardwareAccelerated="true"
            android:windowSoftInputMode="adjustResize">
            
            <meta-data
              android:name="io.flutter.embedding.android.NormalTheme"
              android:resource="@style/NormalTheme"
              />
            
            <intent-filter>
                <action android:name="android.intent.action.MAIN"/>
                <category android:name="android.intent.category.LAUNCHER"/>
            </intent-filter>
        </activity>
        
        <meta-data
            android:name="flutterEmbedding"
            android:value="2" />
    </application>
</manifest>
